NombreArchivo,ImageURL
Metro - Arenales.png,https://raw.githubusercontent.com/Aztirma/Datamind/main/Imagenes/Metro%20-%20Arenales.png
Metro - Breña.png,https://raw.githubusercontent.com/Aztirma/Datamind/main/Imagenes/Metro%20-%20Bre%C3%B1a.png
Metro - Faucett.png,https://raw.githubusercontent.com/Aztirma/Datamind/main/Imagenes/Metro%20-%20Faucett.png
Metro - Garzon - Sobrevisicooler.png,https://raw.githubusercontent.com/Aztirma/Datamind/main/Imagenes/Metro%20-%20Garzon%20-%20Sobrevisicooler.png
Metro - Garzon.png,https://raw.githubusercontent.com/Aztirma/Datamind/main/Imagenes/Metro%20-%20Garzon.png
Metro - Limatambo - Raid.png,https://raw.githubusercontent.com/Aztirma/Datamind/main/Imagenes/Metro%20-%20Limatambo%20-%20Raid.png
Metro - Limatambo.png,https://raw.githubusercontent.com/Aztirma/Datamind/main/Imagenes/Metro%20-%20Limatambo.png
Metro - Marina - Raid.png,https://raw.githubusercontent.com/Aztirma/Datamind/main/Imagenes/Metro%20-%20Marina%20-%20Raid.png
Metro - Marina.png,https://raw.githubusercontent.com/Aztirma/Datamind/main/Imagenes/Metro%20-%20Marina.png
Metro - Plaza Norte - Raid.png,https://raw.githubusercontent.com/Aztirma/Datamind/main/Imagenes/Metro%20-%20Plaza%20Norte%20-%20Raid.png
Metro - Plaza Norte - Sobrevisicooler.png,https://raw.githubusercontent.com/Aztirma/Datamind/main/Imagenes/Metro%20-%20Plaza%20Norte%20-%20Sobrevisicooler.png
Metro - Plaza Norte.png,https://raw.githubusercontent.com/Aztirma/Datamind/main/Imagenes/Metro%20-%20Plaza%20Norte.png
Metro - Schell.png,https://raw.githubusercontent.com/Aztirma/Datamind/main/Imagenes/Metro%20-%20Schell.png
Metro - SJL - Sobrevisicooler.png,https://raw.githubusercontent.com/Aztirma/Datamind/main/Imagenes/Metro%20-%20SJL%20-%20Sobrevisicooler.png
Metro - SJL.png,https://raw.githubusercontent.com/Aztirma/Datamind/main/Imagenes/Metro%20-%20SJL.png
Plaza Vea - Alameda Sur.png,https://raw.githubusercontent.com/Aztirma/Datamind/main/Imagenes/Plaza%20Vea%20-%20Alameda%20Sur.png
Plaza Vea - Caminos del Inca - C.png,https://raw.githubusercontent.com/Aztirma/Datamind/main/Imagenes/Plaza%20Vea%20-%20Caminos%20del%20Inca%20-%20C.png
Plaza Vea - Caminos del Inca.png,https://raw.githubusercontent.com/Aztirma/Datamind/main/Imagenes/Plaza%20Vea%20-%20Caminos%20del%20Inca.png
Plaza Vea - Cortijo.png,https://raw.githubusercontent.com/Aztirma/Datamind/main/Imagenes/Plaza%20Vea%20-%20Cortijo.png
Plaza Vea - Jockey Plaza.png,https://raw.githubusercontent.com/Aztirma/Datamind/main/Imagenes/Plaza%20Vea%20-%20Jockey%20Plaza.png
Plaza Vea - La Molina.png,https://raw.githubusercontent.com/Aztirma/Datamind/main/Imagenes/Plaza%20Vea%20-%20La%20Molina.png
Plaza Vea - Salaverry.png,https://raw.githubusercontent.com/Aztirma/Datamind/main/Imagenes/Plaza%20Vea%20-%20Salaverry.png
Plaza Vea - San Borja.png,https://raw.githubusercontent.com/Aztirma/Datamind/main/Imagenes/Plaza%20Vea%20-%20San%20Borja.png
Plaza Vea - San Isidro.png,https://raw.githubusercontent.com/Aztirma/Datamind/main/Imagenes/Plaza%20Vea%20-%20San%20Isidro.png
Plaza Vea - Tacna.png,https://raw.githubusercontent.com/Aztirma/Datamind/main/Imagenes/Plaza%20Vea%20-%20Tacna.png
Plaza Vea - Tarapoto.png,https://raw.githubusercontent.com/Aztirma/Datamind/main/Imagenes/Plaza%20Vea%20-%20Tarapoto.png
Promart -  Ate - Lateral.png,https://raw.githubusercontent.com/Aztirma/Datamind/main/Imagenes/Promart%20-%20%20Ate%20-%20Lateral.png
Promart - Ate.png,https://raw.githubusercontent.com/Aztirma/Datamind/main/Imagenes/Promart%20-%20Ate.png
Promart - Brasil.png,https://raw.githubusercontent.com/Aztirma/Datamind/main/Imagenes/Promart%20-%20Brasil.png
Promart - La Campiña - Dispensador.png,https://raw.githubusercontent.com/Aztirma/Datamind/main/Imagenes/Promart%20-%20La%20Campi%C3%B1a%20-%20Dispensador.png
Promart - La Campiña- Lateral.png,https://raw.githubusercontent.com/Aztirma/Datamind/main/Imagenes/Promart%20-%20La%20Campi%C3%B1a-%20Lateral.png
Promart - La Campiña.png,https://raw.githubusercontent.com/Aztirma/Datamind/main/Imagenes/Promart%20-%20La%20Campi%C3%B1a.png
Promart - Lurín.png,https://raw.githubusercontent.com/Aztirma/Datamind/main/Imagenes/Promart%20-%20Lur%C3%ADn.png
Promart - Salaverry - Dispensador.png,https://raw.githubusercontent.com/Aztirma/Datamind/main/Imagenes/Promart%20-%20Salaverry%20-%20Dispensador.png
Promart - Salaverry - Lateral.png,https://raw.githubusercontent.com/Aztirma/Datamind/main/Imagenes/Promart%20-%20Salaverry%20-%20Lateral.png
Promart - Salaverry.png,https://raw.githubusercontent.com/Aztirma/Datamind/main/Imagenes/Promart%20-%20Salaverry.png
Promart - San Martin de Porres - Dispensador.png,https://raw.githubusercontent.com/Aztirma/Datamind/main/Imagenes/Promart%20-%20San%20Martin%20de%20Porres%20-%20Dispensador.png
Promart - San Martin de Porres.png,https://raw.githubusercontent.com/Aztirma/Datamind/main/Imagenes/Promart%20-%20San%20Martin%20de%20Porres.png
Promart - Santa Anita - Dispensador.png,https://raw.githubusercontent.com/Aztirma/Datamind/main/Imagenes/Promart%20-%20Santa%20Anita%20-%20Dispensador.png
Promart - Santa Anita - Lateral.png,https://raw.githubusercontent.com/Aztirma/Datamind/main/Imagenes/Promart%20-%20Santa%20Anita%20-%20Lateral.png
Promart - Santa Anita.png,https://raw.githubusercontent.com/Aztirma/Datamind/main/Imagenes/Promart%20-%20Santa%20Anita.png
Promart - Santa Clara.png,https://raw.githubusercontent.com/Aztirma/Datamind/main/Imagenes/Promart%20-%20Santa%20Clara.png
Promart - SJL.png,https://raw.githubusercontent.com/Aztirma/Datamind/main/Imagenes/Promart%20-%20SJL.png
Tottus - Angamos.png,https://raw.githubusercontent.com/Aztirma/Datamind/main/Imagenes/Tottus%20-%20Angamos.png
Tottus - Begonias.png,https://raw.githubusercontent.com/Aztirma/Datamind/main/Imagenes/Tottus%20-%20Begonias.png
Tottus - Comandante Espinar.png,https://raw.githubusercontent.com/Aztirma/Datamind/main/Imagenes/Tottus%20-%20Comandante%20Espinar.png
Tottus - Jockey Plaza - Ruma.png,https://raw.githubusercontent.com/Aztirma/Datamind/main/Imagenes/Tottus%20-%20Jockey%20Plaza%20-%20Ruma.png
Tottus - Jockey Plaza.png,https://raw.githubusercontent.com/Aztirma/Datamind/main/Imagenes/Tottus%20-%20Jockey%20Plaza.png
Wong - Aldava - Sobrecisicooler.png,https://raw.githubusercontent.com/Aztirma/Datamind/main/Imagenes/Wong%20-%20Aldava%20-%20Sobrecisicooler.png
Wong - Aldava.png,https://raw.githubusercontent.com/Aztirma/Datamind/main/Imagenes/Wong%20-%20Aldava.png
Wong - Aurora.png,https://raw.githubusercontent.com/Aztirma/Datamind/main/Imagenes/Wong%20-%20Aurora.png
Wong - Benavides - Jalavista.png,https://raw.githubusercontent.com/Aztirma/Datamind/main/Imagenes/Wong%20-%20Benavides%20-%20Jalavista.png
Wong - Benavides.png,https://raw.githubusercontent.com/Aztirma/Datamind/main/Imagenes/Wong%20-%20Benavides.png
Wong - Camacho - LateralRaid.png,https://raw.githubusercontent.com/Aztirma/Datamind/main/Imagenes/Wong%20-%20Camacho%20-%20LateralRaid.png
Wong - Chacarilla - LateralRaid.png,https://raw.githubusercontent.com/Aztirma/Datamind/main/Imagenes/Wong%20-%20Chacarilla%20-%20LateralRaid.png
Wong - Chacarilla - Raid.png,https://raw.githubusercontent.com/Aztirma/Datamind/main/Imagenes/Wong%20-%20Chacarilla%20-%20Raid.png
Wong - Chacarilla.png,https://raw.githubusercontent.com/Aztirma/Datamind/main/Imagenes/Wong%20-%20Chacarilla.png
Wong - Dos de Mayo - LateralRaid.png,https://raw.githubusercontent.com/Aztirma/Datamind/main/Imagenes/Wong%20-%20Dos%20de%20Mayo%20-%20LateralRaid.png
Wong - Dos de Mayo - Raid.png,https://raw.githubusercontent.com/Aztirma/Datamind/main/Imagenes/Wong%20-%20Dos%20de%20Mayo%20-%20Raid.png
Wong - Dos de Mayo - Sobrevisicooler.png,https://raw.githubusercontent.com/Aztirma/Datamind/main/Imagenes/Wong%20-%20Dos%20de%20Mayo%20-%20Sobrevisicooler.png
Wong - Dos de Mayo.png,https://raw.githubusercontent.com/Aztirma/Datamind/main/Imagenes/Wong%20-%20Dos%20de%20Mayo.png
Wong - Ovalo Gutierrez - LateralRaid.png,https://raw.githubusercontent.com/Aztirma/Datamind/main/Imagenes/Wong%20-%20Ovalo%20Gutierrez%20-%20LateralRaid.png
Wong - Ovalo Gutierrez.png,https://raw.githubusercontent.com/Aztirma/Datamind/main/Imagenes/Wong%20-%20Ovalo%20Gutierrez.png
Wong - San Borja - Exhibidor.png,https://raw.githubusercontent.com/Aztirma/Datamind/main/Imagenes/Wong%20-%20San%20Borja%20-%20Exhibidor.png
Wong - San Borja - LateralRaid.png,https://raw.githubusercontent.com/Aztirma/Datamind/main/Imagenes/Wong%20-%20San%20Borja%20-%20LateralRaid.png
Wong - San Borja - Showcase.png,https://raw.githubusercontent.com/Aztirma/Datamind/main/Imagenes/Wong%20-%20San%20Borja%20-%20Showcase.png
Wong - San Borja.png,https://raw.githubusercontent.com/Aztirma/Datamind/main/Imagenes/Wong%20-%20San%20Borja.png
Wong - Tomas Marsano - Exhibidor.png,https://raw.githubusercontent.com/Aztirma/Datamind/main/Imagenes/Wong%20-%20Tomas%20Marsano%20-%20Exhibidor.png
Wong - Tomas Marsano.png,https://raw.githubusercontent.com/Aztirma/Datamind/main/Imagenes/Wong%20-%20Tomas%20Marsano.png
Wong - Óvalo Gutierrez - Raid.png,https://raw.githubusercontent.com/Aztirma/Datamind/main/Imagenes/Wong%20-%20%C3%93valo%20Gutierrez%20-%20Raid.png
